#          omega,            hol_g,      FCI (extra),               HF,         CCS-1-S1,         CCS-2-S2,           LF-HF,          LF-MP2,        NN-VMC
      0.10000000,       0.00000000,      -2.00000000,      -2.00000000,      -2.00000000,      -2.00000000,     -2.00000000,     -2.00000000,   -1.99984450   
      0.29500000,       0.00000000,      -2.00000000,      -2.00000000,      -2.00000000,      -2.00000000,     -2.00000000,     -2.00000000,   -1.99986650   
      0.49000000,       0.00000000,      -2.00000000,      -2.00000000,      -2.00000000,      -2.00000000,     -2.00000000,     -2.00000000,   -1.99981040   
      0.68500000,       0.00000000,      -2.00000000,      -2.00000000,      -2.00000000,      -2.00000000,     -2.00000000,     -2.00000000,   -1.99985431   
      0.88000000,       0.00000000,      -2.00000000,      -2.00000000,      -2.00000000,      -2.00000000,     -2.00000000,     -2.00000000,   -1.99985907   
      1.07500000,       0.00000000,      -2.00000000,      -2.00000000,      -2.00000000,      -2.00000000,     -2.00000000,     -2.00000000,   -1.99982144   
      1.27000000,       0.00000000,      -2.00000000,      -2.00000000,      -2.00000000,      -2.00000000,     -2.00000000,     -2.00000000,   -1.99984319   
      1.46500000,       0.00000000,      -2.00000000,      -2.00000000,      -2.00000000,      -2.00000000,     -2.00000000,     -2.00000000,   -1.99983822   
      1.66000000,       0.00000000,      -2.00000000,      -2.00000000,      -2.00000000,      -2.00000000,     -2.00000000,     -2.00000000,   -1.99988696   
      1.85500000,       0.00000000,      -2.00000000,      -2.00000000,      -2.00000000,      -2.00000000,     -2.00000000,     -2.00000000,   -1.99988765   
      2.05000000,       0.00000000,      -2.00000000,      -2.00000000,      -2.00000000,      -2.00000000,     -2.00000000,     -2.00000000,   -1.99983090   
      2.24500000,       0.00000000,      -2.00000000,      -2.00000000,      -2.00000000,      -2.00000000,     -2.00000000,     -2.00000000,   -1.99985167   
      2.44000000,       0.00000000,      -2.00000000,      -2.00000000,      -2.00000000,      -2.00000000,     -2.00000000,     -2.00000000,   -1.99982514   
      2.63500000,       0.00000000,      -2.00000000,      -2.00000000,      -2.00000000,      -2.00000000,     -2.00000000,     -2.00000000,   -1.99980111   
      2.83000000,       0.00000000,      -2.00000000,      -2.00000000,      -2.00000000,      -2.00000000,     -2.00000000,     -2.00000000,   -1.99985625   
      3.02500000,       0.00000000,      -2.00000000,      -2.00000000,      -2.00000000,      -2.00000000,     -2.00000000,     -2.00000000,   -1.99985899   
      3.22000000,       0.00000000,      -2.00000000,      -2.00000000,      -2.00000000,      -2.00000000,     -2.00000000,     -2.00000000,   -1.99986179   
      3.41500000,       0.00000000,      -2.00000000,      -2.00000000,      -2.00000000,      -2.00000000,     -2.00000000,     -2.00000000,   -1.99987499   
      3.61000000,       0.00000000,      -2.00000000,      -2.00000000,      -2.00000000,      -2.00000000,     -2.00000000,     -2.00000000,   -1.99980002   
      3.80500000,       0.00000000,      -2.00000000,      -2.00000000,      -2.00000000,      -2.00000000,     -2.00000000,     -2.00000000,   -1.99985531   
      4.00000000,       0.00000000,      -2.00000000,      -2.00000000,      -2.00000000,      -2.00000000,     -2.00000000,     -2.00000000,   -1.99981631   
      0.10000000,       0.25000000,      -2.10533794,      -2.03289383,      -2.07925859,      -2.10400650,     -2.05754279,     -2.08631956,   -2.10510532   
      0.29500000,       0.25000000,      -2.05638517,      -2.00380269,      -2.05164699,      -2.05632640,     -2.02990372,     -2.05588594,   -2.05636453   
      0.49000000,       0.25000000,      -2.04245907,      -2.00188553,      -2.04054312,      -2.04244741,     -2.02648791,     -2.04255715,   -2.04244952   
      0.68500000,       0.25000000,      -2.03505579,      -2.00140747,      -2.03403322,      -2.03505194,     -2.02414406,     -2.03513259,   -2.03504926   
      0.88000000,       0.25000000,      -2.03026126,      -2.00109868,      -2.02963112,      -2.03025960,     -2.02229390,     -2.03031410,   -2.03025809   
      1.07500000,       0.25000000,      -2.02682533,      -2.00090586,      -2.02640138,      -2.02682451,     -2.02075380,     -2.02686142,   -2.02682392   
      1.27000000,       0.25000000,      -2.02420573,      -2.00076198,      -2.02390297,      -2.02420528,     -2.01943559,     -2.02423067,   -2.02420377   
      1.46500000,       0.25000000,      -2.02212284,      -2.00066364,      -2.02189721,      -2.02212259,     -2.01828732,     -2.02214051,   -2.02212119   
      1.66000000,       0.25000000,      -2.02041599,      -2.00058691,      -2.02024216,      -2.02041584,     -2.01727453,     -2.02042863,   -2.02041534   
      1.85500000,       0.25000000,      -2.01898478,      -2.00052575,      -2.01884737,      -2.01898467,     -2.01637265,     -2.01899396,   -2.01898409   
      2.05000000,       0.25000000,      -2.01776291,      -2.00047600,      -2.01765206,      -2.01776284,     -2.01556330,     -2.01776974,   -2.01776277   
      2.24500000,       0.25000000,      -2.01670466,      -2.00043478,      -2.01661368,      -2.01670462,     -2.01483227,     -2.01670980,   -2.01670455   
      2.44000000,       0.25000000,      -2.01577717,      -2.00040010,      -2.01570140,      -2.01577714,     -2.01416828,     -2.01578108,   -2.01577716   
      2.63500000,       0.25000000,      -2.01495610,      -2.00037053,      -2.01489225,      -2.01495608,     -2.01356223,     -2.01495913,   -2.01495561   
      2.83000000,       0.25000000,      -2.01422312,      -2.00034502,      -2.01416872,      -2.01422311,     -2.01300667,     -2.01422549,   -2.01422267   
      3.02500000,       0.25000000,      -2.01356396,      -2.00032280,      -2.01351720,      -2.01356395,     -2.01249542,     -2.01356584,   -2.01356377   
      3.22000000,       0.25000000,      -2.01296745,      -2.00030326,      -2.01292690,      -2.01296744,     -2.01202327,     -2.01296894,   -2.01296719   
      3.41500000,       0.25000000,      -2.01242458,      -2.00028595,      -2.01238917,      -2.01242458,     -2.01158585,     -2.01242578,   -2.01242431   
      3.61000000,       0.25000000,      -2.01192810,      -2.00027050,      -2.01189696,      -2.01192810,     -2.01117941,     -2.01192906,   -2.01192792   
      3.80500000,       0.25000000,      -2.01147201,      -2.00025664,      -2.01144448,      -2.01147201,     -2.01080073,     -2.01147280,   -2.01147175   
      4.00000000,       0.25000000,      -2.01105138,      -2.00024353,      -2.01102691,      -2.01105138,     -2.01044703,     -2.01105203,   -2.01105119   
      0.10000000,       0.50000000,      -2.91908785,      -2.90874586,      -2.91787018,      -2.91905842,     -2.91781499,     -2.91886151,   -2.91874169   
      0.29500000,       0.50000000,      -2.23780204,      -2.06120773,      -2.17913279,      -2.23492302,     -2.14812581,     -2.20985826,   -2.23758181   
      0.49000000,       0.50000000,      -2.17403370,      -2.02183580,      -2.14813144,      -2.17337501,     -2.11144736,     -2.16667758,   -2.17396372   
      0.68500000,       0.50000000,      -2.14233834,      -2.01111004,      -2.12778554,      -2.14210639,     -2.09795948,     -2.14083407,   -2.14227542   
      0.88000000,       0.50000000,      -2.12230515,      -2.00673770,      -2.11306081,      -2.12220254,     -2.08985451,     -2.12316785,   -2.12228843   
      1.07500000,       0.50000000,      -2.10812812,      -2.00456129,      -2.10178516,      -2.10807564,     -2.08353487,     -2.10871316,   -2.10811816   
      1.27000000,       0.50000000,      -2.09740004,      -2.00333467,      -2.09280948,      -2.09737041,     -2.07814726,     -2.09780277,   -2.09738918   
      1.46500000,       0.50000000,      -2.08891250,      -2.00264626,      -2.08545731,      -2.08889455,     -2.07346960,     -2.08919526,   -2.08890435   
      1.66000000,       0.50000000,      -2.08198121,      -2.00223851,      -2.07930079,      -2.08196971,     -2.06935499,     -2.08218269,   -2.08197781   
      1.85500000,       0.50000000,      -2.07618428,      -2.00198555,      -2.07405437,      -2.07617658,     -2.06569907,     -2.07633060,   -2.07618096   
      2.05000000,       0.50000000,      -2.07124514,      -2.00181203,      -2.06951937,      -2.07123982,     -2.06242421,     -2.07135326,   -2.07124393   
      2.24500000,       0.50000000,      -2.06697397,      -2.00167680,      -2.06555270,      -2.06697018,     -2.05947067,     -2.06705512,   -2.06697003   
      2.44000000,       0.50000000,      -2.06323511,      -2.00156125,      -2.06204839,      -2.06323234,     -2.05679139,     -2.06329686,   -2.06323191   
      2.63500000,       0.50000000,      -2.05992864,      -2.00145845,      -2.05892607,      -2.05992659,     -2.05434852,     -2.05997625,   -2.05992622   
      2.83000000,       0.50000000,      -2.05697936,      -2.00133603,      -2.05612357,      -2.05697781,     -2.05211116,     -2.05701647,   -2.05697782   
      3.02500000,       0.50000000,      -2.05432897,      -2.00126148,      -2.05359190,      -2.05432778,     -2.05005377,     -2.05435819,   -2.05432776   
      3.22000000,       0.50000000,      -2.05193179,      -2.00119301,      -2.05129189,      -2.05193086,     -2.04815503,     -2.05195501,   -2.05193071   
      3.41500000,       0.50000000,      -2.04975132,      -2.00113025,      -2.04919181,      -2.04975059,     -2.04639690,     -2.04976993,   -2.04975059   
      3.61000000,       0.50000000,      -2.04775798,      -2.00107280,      -2.04726563,      -2.04775739,     -2.04476408,     -2.04777300,   -2.04775749   
      3.80500000,       0.50000000,      -2.04592755,      -2.00102024,      -2.04549179,      -2.04592707,     -2.04324344,     -2.04593979,   -2.04592637   
      4.00000000,       0.50000000,      -2.04423991,      -2.00097214,      -2.04385223,      -2.04423952,     -2.04182364,     -2.04424995,   -2.04424019   
      0.10000000,       0.75000000,      -5.80515902,      -5.80349131,      -5.80510999,      -5.80515863,     -5.80511900,     -5.80515737,   -5.80462009   
      0.29500000,       0.75000000,      -2.61404269,      -2.45254398,      -2.50351084,      -2.59667057,     -2.50996485,     -2.52865824,   -2.61326568   
      0.49000000,       0.75000000,      -2.41073093,      -2.11502116,      -2.30185457,      -2.40457228,     -2.28518283,     -2.37570463,   -2.41056710   
      0.68500000,       0.75000000,      -2.32914086,      -2.05735298,      -2.26496209,      -2.32682344,     -2.23428626,     -2.31742912,   -2.32905951   
      0.88000000,       0.75000000,      -2.28026187,      -2.03445808,      -2.23844303,      -2.27919790,     -2.20831106,     -2.27614537,   -2.28020638   
      1.07500000,       0.75000000,      -2.24655458,      -2.02297636,      -2.21727383,      -2.24599588,     -2.19085293,     -2.24579555,   -2.24642817   
      1.27000000,       0.75000000,      -2.22139843,      -2.01642518,      -2.19988462,      -2.22107829,     -2.17746740,     -2.22252338,   -2.22133517   
      1.46500000,       0.75000000,      -2.20167820,      -2.01230034,      -2.18529499,      -2.20148194,     -2.16655125,     -2.20312855,   -2.20162414   
      1.66000000,       0.75000000,      -2.18567386,      -2.00957488,      -2.17284852,      -2.18554727,     -2.15704061,     -2.18670479,   -2.18564611   
      1.85500000,       0.75000000,      -2.17234998,      -2.00766986,      -2.16208501,      -2.17226488,     -2.14862390,     -2.17309629,   -2.17233712   
      2.05000000,       0.75000000,      -2.16103705,      -2.00629029,      -2.15267066,      -2.16097788,     -2.14110889,     -2.16158574,   -2.16101392   
      2.24500000,       0.75000000,      -2.15128019,      -2.00526433,      -2.14435660,      -2.15123788,     -2.13434926,     -2.15169102,   -2.15126116   
      2.44000000,       0.75000000,      -2.14275747,      -2.00448621,      -2.13695312,      -2.14272647,     -2.12823076,     -2.14306938,   -2.14274555   
      2.63500000,       0.75000000,      -2.13523351,      -2.00385578,      -2.13031277,      -2.13521032,     -2.12266234,     -2.13547349,   -2.13522664   
      2.83000000,       0.75000000,      -2.12853155,      -2.00339146,      -2.12431907,      -2.12851390,     -2.11757025,     -2.12871831,   -2.12852668   
      3.02500000,       0.75000000,      -2.12251573,      -2.00302763,      -2.11887863,      -2.12250212,     -2.11289390,     -2.12266262,   -2.12251117   
      3.22000000,       0.75000000,      -2.11708021,      -2.00274115,      -2.11391566,      -2.11706953,     -2.10858292,     -2.11719679,   -2.11707790   
      3.41500000,       0.75000000,      -2.11214001,      -2.00251464,      -2.10936789,      -2.11213155,     -2.10459502,     -2.11223349,   -2.11213879   
      3.61000000,       0.75000000,      -2.10762705,      -2.00233457,      -2.10518369,      -2.10762027,     -2.10089442,     -2.10770257,   -2.10762406   
      3.80500000,       0.75000000,      -2.10348538,      -2.00219022,      -2.10131984,      -2.10347991,     -2.09745051,     -2.10354690,   -2.10348365   
      4.00000000,       0.75000000,      -2.09966901,      -2.00207292,      -2.09773984,      -2.09966454,     -2.09423701,     -2.09971945,   -2.09966587   
      0.10000000,       1.00000000,     -10.10063625,     -10.10012563,     -10.10062940,     -10.10063623,    -10.10063134,    -10.10063613,   -10.1001558
      0.29500000,       1.00000000,      -3.70421293,      -3.68819049,      -3.70191170,      -3.70412325,     -3.70265414,     -3.70387102,   -3.70391559   
      0.49000000,       1.00000000,      -2.80180439,      -2.54777440,      -2.61868298,      -2.77345859,     -2.63799614,     -2.67472740,   -2.80099771   
      0.68500000,       1.00000000,      -2.61201115,      -2.20122175,      -2.43207478,      -2.60092951,     -2.45544927,     -2.57383777,   -2.61170699   
      0.88000000,       1.00000000,      -2.51258854,      -2.11257287,      -2.39440901,      -2.50730671,     -2.38995139,     -2.49930553,   -2.51224904   
      1.07500000,       1.00000000,      -2.44716318,      -2.07412418,      -2.36340389,      -2.44432077,     -2.35064982,     -2.44256799,   -2.44705146   
      1.27000000,       1.00000000,      -2.39952619,      -2.05264053,      -2.33726194,      -2.39786914,     -2.32244135,     -2.39813176,   -2.39936269   
      1.46500000,       1.00000000,      -2.36277144,      -2.03936561,      -2.31484323,      -2.36173921,     -2.30016459,     -2.36243441,   -2.36265652   
      1.66000000,       1.00000000,      -2.33322296,      -2.03053375,      -2.29536670,      -2.33254986,     -2.28192778,     -2.33482319,   -2.33317259   
      1.85500000,       1.00000000,      -2.30879631,      -2.02439945,      -2.27826701,      -2.30833979,     -2.26629001,     -2.31117557,   -2.30871049   
      2.05000000,       1.00000000,      -2.28816145,      -2.01994755,      -2.26312028,      -2.28784208,     -2.25254082,     -2.28990767,   -2.28811343   
      2.24500000,       1.00000000,      -2.27043617,      -2.01661375,      -2.24960058,      -2.27020654,     -2.24022356,     -2.27173869,   -2.27038414   
      2.44000000,       1.00000000,      -2.25500061,      -2.01402116,      -2.23745229,      -2.25483175,     -2.22911133,     -2.25598691,   -2.25496658   
      2.63500000,       1.00000000,      -2.24140784,      -2.01201581,      -2.22647171,      -2.24128121,     -2.21902567,     -2.24216471,   -2.24138149   
      2.83000000,       1.00000000,      -2.22932489,      -2.01041313,      -2.21649429,      -2.22922827,     -2.20982368,     -2.22991274,   -2.22930217   
      3.02500000,       1.00000000,      -2.21849755,      -2.00911264,      -2.20738550,      -2.21842270,     -2.20138908,     -2.21895938,   -2.21848045   
      3.22000000,       1.00000000,      -2.20872809,      -2.00804358,      -2.19903419,      -2.20866931,     -2.19362607,     -2.20909431,   -2.20871092   
      3.41500000,       1.00000000,      -2.19985957,      -2.00715498,      -2.19134771,      -2.19981288,     -2.18645479,     -2.20015299,   -2.19984730   
      3.61000000,       1.00000000,      -2.19176647,      -2.00640937,      -2.18424813,      -2.19172892,     -2.17980801,     -2.19200309,   -2.19175221   
      3.80500000,       1.00000000,      -2.18434556,      -2.00577870,      -2.17766941,      -2.18431511,     -2.17362865,     -2.18453808,   -2.18434461   
      4.00000000,       1.00000000,      -2.17751266,      -2.00524164,      -2.17155519,      -2.17748771,     -2.16786787,     -2.17767027,   -2.17751326   
      0.10000000,       1.25000000,     -15.68923987,     -15.68903284,     -15.68923827,     -15.68923987,    -15.68923891,    -15.68923983,   -15.6887205
      0.29500000,       1.25000000,      -5.49209662,      -5.48626688,      -5.49166773,      -5.49208797,     -5.49186327,     -5.49207140,   -5.49176714   
      0.49000000,       1.25000000,      -3.55877732,      -3.50643754,      -3.53237580,      -3.55467547,     -3.53557181,     -3.53922674,   -3.55790426   
      0.68500000,       1.25000000,      -3.03160305,      -2.73117266,      -2.80688328,      -2.99560855,     -2.83595306,     -2.88100206,   -3.03107608   
      0.88000000,       1.25000000,      -2.83556015,      -2.36607199,      -2.57261132,      -2.81801223,     -2.65273260,     -2.79896476,   -2.83531847   
      1.07500000,       1.25000000,      -2.71878970,      -2.19885154,      -2.53252960,      -2.70916460,     -2.57260994,     -2.70661000,   -2.71866949   
      1.27000000,       1.25000000,      -2.63734069,      -2.13351539,      -2.49805403,      -2.63160794,     -2.51966037,     -2.63396523,   -2.63731472   
      1.46500000,       1.25000000,      -2.57591788,      -2.09847968,      -2.46797382,      -2.57229742,     -2.47992113,     -2.57550658,   -2.57580732   
      1.66000000,       1.25000000,      -2.52725774,      -2.07594795,      -2.44143346,      -2.52487382,     -2.44798421,     -2.52795247,   -2.52708936   
      1.85500000,       1.25000000,      -2.48749476,      -2.06041460,      -2.41781243,      -2.48585926,     -2.42118917,     -2.48846503,   -2.48732058   
      2.05000000,       1.25000000,      -2.45412946,      -2.04926220,      -2.39663872,      -2.45297643,     -2.39811812,     -2.45835793,   -2.45402737   
      2.24500000,       1.25000000,      -2.42563287,      -2.04094989,      -2.37754221,      -2.42479786,     -2.37822598,     -2.42863323,   -2.42555573   
      2.44000000,       1.25000000,      -2.40091721,      -2.03458533,      -2.36022646,      -2.40030019,     -2.36035867,     -2.40332282,   -2.40086432   
      2.63500000,       1.25000000,      -2.37922928,      -2.02957535,      -2.34445022,      -2.37876411,     -2.34420501,     -2.38106955,   -2.37916940   
      2.83000000,       1.25000000,      -2.36000025,      -2.02560455,      -2.33001470,      -2.35964411,     -2.32951269,     -2.36142773,   -2.35994280   
      3.02500000,       1.25000000,      -2.34280907,      -2.02238480,      -2.31675435,      -2.34253223,     -2.31608060,     -2.34392825,   -2.34275571   
      3.22000000,       1.25000000,      -2.32732575,      -2.01973759,      -2.30453008,      -2.32710782,     -2.30374501,     -2.32821283,   -2.32727136   
      3.41500000,       1.25000000,      -2.31329292,      -2.01753458,      -2.29322407,      -2.31311931,     -2.29237081,     -2.31400246,   -2.31327329   
      3.61000000,       1.25000000,      -2.30050379,      -2.01568155,      -2.28273584,      -2.30036398,     -2.28184519,     -2.30107609,   -2.30045843   
      3.80500000,       1.25000000,      -2.28879038,      -2.01407672,      -2.27297914,      -2.28867676,     -2.27207309,     -2.28925612,   -2.28877533   
      4.00000000,       1.25000000,      -2.27801561,      -2.01273268,      -2.26387950,      -2.27792244,     -2.26297369,     -2.27839702,   -2.27799577   
      0.10000000,       1.50000000,     -22.54455485,     -22.54445543,     -22.54455434,     -22.54455485,    -22.54455444,    -22.54455484,   -22.5442001
      0.29500000,       1.50000000,      -7.76120729,      -7.75851393,      -7.76108229,      -7.76120564,     -7.76114932,     -7.76120340,   -7.76097477   
      0.49000000,       1.50000000,      -4.82522836,      -4.81093753,      -4.82297556,      -4.82509941,     -4.82394395,     -4.82476616,   -4.82522454   
      0.68500000,       1.50000000,      -3.70003713,      -3.59282077,      -3.62679368,      -3.68737401,     -3.63331368,     -3.63953942,   -3.69935058   
      0.88000000,       1.50000000,      -3.28311591,      -2.95606956,      -3.03106111,      -3.24142673,     -3.06606616,     -3.11417020,   -3.28270907   
      1.07500000,       1.50000000,      -3.07683282,      -2.58639224,      -2.72839137,      -3.05146420,     -2.87261644,     -3.04662227,   -3.07664546   
      1.27000000,       1.50000000,      -2.94354482,      -2.36361387,      -2.67695706,      -2.92825847,     -2.77802994,     -2.93556151,   -2.94333573   
      1.46500000,       1.50000000,      -2.84668934,      -2.23337504,      -2.63968108,      -2.83690882,     -2.71126098,     -2.84602299,   -2.84659512   
      1.66000000,       1.50000000,      -2.77174641,      -2.16625887,      -2.60639580,      -2.76520088,     -2.65953687,     -2.77331611,   -2.77173111   
      1.85500000,       1.50000000,      -2.71126486,      -2.12945947,      -2.57643651,      -2.70673612,     -2.61724928,     -2.71338204,   -2.71106635   
      2.05000000,       1.50000000,      -2.66107026,      -2.10461680,      -2.54930283,      -2.65784648,     -2.58150994,     -2.66330854,   -2.66092207   
      2.24500000,       1.50000000,      -2.61849421,      -2.08651164,      -2.52460139,      -2.61614646,     -2.55048753,     -2.62036758,   -2.61827248   
      2.44000000,       1.50000000,      -2.58180224,      -2.07280043,      -2.50201408,      -2.58005457,     -2.52325810,     -2.58677417,   -2.58162446   
      2.63500000,       1.50000000,      -2.54973765,      -2.06216354,      -2.48127869,      -2.54841373,     -2.49925887,     -2.55316452,   -2.54962976   
      2.83000000,       1.50000000,      -2.52141171,      -2.05368956,      -2.46217599,      -2.52039292,     -2.47750852,     -2.52434623,   -2.52137264   
      3.02500000,       1.50000000,      -2.49615798,      -2.04687165,      -2.44452070,      -2.49536305,     -2.45769799,     -2.49845557,   -2.49607787   
      3.22000000,       1.50000000,      -2.47346743,      -2.04128114,      -2.42815487,      -2.47283942,     -2.43955636,     -2.47528604,   -2.47341713   
      3.41500000,       1.50000000,      -2.45294277,      -2.03663881,      -2.41294284,      -2.45244101,     -2.42286855,     -2.45439635,   -2.45289795   
      3.61000000,       1.50000000,      -2.43426833,      -2.03270974,      -2.39876739,      -2.43386332,     -2.40745704,     -2.43544040,   -2.43419732   
      3.80500000,       1.50000000,      -2.41718923,      -2.02940909,      -2.38552664,      -2.41685930,     -2.39317360,     -2.41814267,   -2.41713484   
      4.00000000,       1.50000000,      -2.40149785,      -2.02658541,      -2.37313161,      -2.40122679,     -2.37989326,     -2.40227888,   -2.40145744   
      0.10000000,       1.75000000,     -30.65771096,     -30.65765742,     -30.65771077,     -30.65771096,    -30.65771082,    -30.65771096,   -30.65730262  
      0.29500000,       1.75000000,     -10.47921890,     -10.47779471,     -10.47917286,     -10.47921847,    -10.47919830,    -10.47921786,   -10.47877753  
      0.49000000,       1.75000000,      -6.41758355,      -6.41051862,      -6.41691073,      -6.41756506,     -6.41728376,     -6.41754083,   -6.41724438   
      0.68500000,       1.75000000,      -4.72634977,      -4.69591178,      -4.71368864,      -4.72448418,     -4.71596272,     -4.71765695,   -4.72599044   
      0.88000000,       1.75000000,      -3.92372353,      -3.77055813,      -3.80910190,      -3.90339830,     -3.81893180,     -3.82739904,   -3.92326656   
      1.07500000,       1.75000000,      -3.54902809,      -3.20563483,      -3.27763739,      -3.50295654,     -3.31643215,     -3.36579473,   -3.54888210   
      1.27000000,       1.75000000,      -3.33220353,      -2.83592984,      -2.95766998,      -3.29788382,     -3.11176615,     -3.31351181,   -3.33186280   
      1.46500000,       1.75000000,      -3.18349456,      -2.58446614,      -2.82614526,      -3.16135803,     -3.00285347,     -3.18261232,   -3.18287012   
      1.66000000,       1.75000000,      -3.07201366,      -2.41081823,      -2.78654184,      -3.05706151,     -2.92227188,     -3.07585517,   -3.07196671   
      1.85500000,       1.75000000,      -2.98391542,      -2.29209415,      -2.75058763,      -2.97346062,     -2.85828038,     -2.98857398,   -2.98360751   
      2.05000000,       1.75000000,      -2.91179042,      -2.21490146,      -2.71774995,      -2.90427534,     -2.80527187,     -2.91619336,   -2.91174599   
      2.24500000,       1.75000000,      -2.85119736,      -2.16884134,      -2.68761748,      -2.84567507,     -2.76004789,     -2.85493533,   -2.85091297   
      2.44000000,       1.75000000,      -2.79931779,      -2.13953322,      -2.65985947,      -2.79518369,     -2.72064608,     -2.80225770,   -2.79919685   
      2.63500000,       1.75000000,      -2.75428033,      -2.11808250,      -2.63420267,      -2.75112605,     -2.68585810,     -2.75661395,   -2.75404398   
      2.83000000,       1.75000000,      -2.71462732,      -2.10151849,      -2.61041716,      -2.71219173,     -2.65495325,     -2.72001749,   -2.71443525   
      3.02500000,       1.75000000,      -2.67943860,      -2.08834478,      -2.58830684,      -2.67752683,     -2.62718769,     -2.68363910,   -2.67928526   
      3.22000000,       1.75000000,      -2.64789536,      -2.07759212,      -2.56770280,      -2.64637951,     -2.60185324,     -2.65121947,   -2.64784105   
      3.41500000,       1.75000000,      -2.61943852,      -2.06874205,      -2.54845839,      -2.61822246,     -2.57861914,     -2.62209009,   -2.61936802   
      3.61000000,       1.75000000,      -2.59359356,      -2.06133807,      -2.53044552,      -2.59260938,     -2.55721628,     -2.59573279,   -2.59354717   
      3.80500000,       1.75000000,      -2.57000056,      -2.05505049,      -2.51355163,      -2.56919643,     -2.53742262,     -2.57174072,   -2.56994746   
      4.00000000,       1.75000000,      -2.54835490,      -2.04971493,      -2.49767742,      -2.54769276,     -2.51905285,     -2.54978087,   -2.54830668   
      0.10000000,       2.00000000,     -40.02503330,     -40.02500195,     -40.02503322,     -40.02503330,    -40.02503324,    -40.02503330,   -40.02498063  
      0.29500000,       2.00000000,     -13.63394761,     -13.63312231,     -13.63392784,     -13.63394747,    -13.63393962,    -13.63394725,   -13.63359133  
      0.49000000,       2.00000000,      -8.28998967,      -8.28599683,      -8.28971455,      -8.28998417,     -8.28987986,     -8.28997840,   -8.28991085   
      0.68500000,       2.00000000,      -6.02386477,      -6.01130312,      -6.02156548,      -6.02368031,     -6.02253144,     -6.02313841,   -6.02389934   
      0.88000000,       2.00000000,      -4.82267440,      -4.76681918,      -4.78887431,      -4.81693694,     -4.79272480,     -4.79537591,   -4.82224385   
      1.07500000,       2.00000000,      -4.17975993,      -3.99220008,      -4.03304607,      -4.15343324,     -4.04579153,     -4.05612750,   -4.17929177   
      1.27000000,       2.00000000,      -3.82530560,      -3.47132760,      -3.53981867,      -3.77591613,     -3.58080308,     -3.63094301,   -3.82493889   
      1.46500000,       2.00000000,      -3.59865589,      -3.10323405,      -3.21019182,      -3.55449595,     -3.36738508,     -3.59553413,   -3.59842313   
      1.66000000,       2.00000000,      -3.43596528,      -2.83448053,      -2.97902845,      -3.40593183,     -3.24418496,     -3.44334047,   -3.43588085   
      1.85500000,       2.00000000,      -3.31072417,      -2.63420158,      -2.93744820,      -3.28955636,     -3.14981979,     -3.31931614,   -3.31050713   
      2.05000000,       2.00000000,      -3.21001304,      -2.48343730,      -2.89922955,      -3.19467493,     -3.07350094,     -3.21791176,   -3.20991454   
      2.24500000,       2.00000000,      -3.12648603,      -2.36996139,      -2.86393413,      -3.11512335,     -3.00958279,     -3.13331537,   -3.12622270   
      2.44000000,       2.00000000,      -3.05566908,      -2.28574269,      -2.83121730,      -3.04708779,     -2.95463167,     -3.06109000,   -3.05566330   
      2.63500000,       2.00000000,      -2.99448558,      -2.22535386,      -2.80079747,      -2.98791359,     -2.90665456,     -2.99912761,   -2.99411173   
      2.83000000,       2.00000000,      -2.94105122,      -2.18453206,      -2.77243851,      -2.93593279,     -2.86406709,     -2.94474053,   -2.94077419   
      3.02500000,       2.00000000,      -2.89372163,      -2.15688941,      -2.74593872,      -2.88969602,     -2.82578955,     -2.89631631,   -2.89352030   
      3.22000000,       2.00000000,      -2.85153367,      -2.13635269,      -2.72112355,      -2.84832063,     -2.79163232,     -2.85708975,   -2.85125383   
      3.41500000,       2.00000000,      -2.81352065,      -2.12005271,      -2.69784048,      -2.81093888,     -2.76046027,     -2.81786685,   -2.81341346   
      3.61000000,       2.00000000,      -2.77912868,      -2.10672878,      -2.67595522,      -2.77702788,     -2.73183119,     -2.78271473,   -2.77901507   
      3.80500000,       2.00000000,      -2.74777394,      -2.09555114,      -2.65534886,      -2.74605286,     -2.70542544,     -2.75069056,   -2.74775020   
      4.00000000,       2.00000000,      -2.71906703,      -2.08611308,      -2.63591557,      -2.71764454,     -2.68097373,     -2.72145047,   -2.71894813   
      0.10000000,       2.25000000,     -50.64477360,     -50.64475405,     -50.64477356,     -50.64477360,    -50.64477356,    -50.64477361,   -50.64497511  
      0.29500000,       2.25000000,     -17.21982492,     -17.21931333,     -17.21981545,     -17.21982487,    -17.21982121,    -17.21982482,   -17.21943132  
      0.49000000,       2.25000000,     -10.43097627,     -10.42853666,     -10.43084794,     -10.43097430,    -10.43092908,    -10.43097262,   -10.43100569  
      0.68500000,       2.25000000,      -7.53325865,      -7.52613211,      -7.53248779,      -7.53323418,     -7.53294985,     -7.53320926,   -7.53336952   
      0.88000000,       2.25000000,      -5.94964381,      -5.92733462,      -5.94092344,      -5.94836981,     -5.94269684,     -5.94374999,   -5.94931295   
      1.07500000,       2.25000000,      -5.00753954,      -4.92287295,      -4.94790164,      -4.99695313,     -4.95337988,     -4.95698493,   -5.00727503   
      1.27000000,       2.25000000,      -4.45259684,      -4.23912382,      -4.28086852,      -4.42153295,     -4.29604552,     -4.30793107,   -4.45232169   
      1.46500000,       2.25000000,      -4.10933705,      -3.74818003,      -3.81302966,      -4.05730936,     -3.85533077,     -3.90636487,   -4.10855654   
      1.66000000,       2.25000000,      -3.87391983,      -3.38226755,      -3.47767891,      -3.81921643,     -3.63715169,     -3.88824816,   -3.87395393   
      1.85500000,       2.25000000,      -3.69859173,      -3.10214858,      -3.23669640,      -3.65979638,     -3.49965378,     -3.71470999,   -3.69856978   
      2.05000000,       2.25000000,      -3.56063868,      -2.88354670,      -3.09155572,      -3.53232256,     -3.39173983,     -3.57513289,   -3.56061198   
      2.24500000,       2.25000000,      -3.44791529,      -2.71066500,      -3.05138613,      -3.42679036,     -3.30304634,     -3.45927942,   -3.44788750   
      2.44000000,       2.25000000,      -3.35342329,      -2.57282099,      -3.01396556,      -3.33736355,     -3.22821340,     -3.36314823,   -3.35316869   
      2.63500000,       2.25000000,      -3.27255752,      -2.46252522,      -2.97900003,      -3.26015892,     -3.16338002,     -3.27992752,   -3.27255209   
      2.83000000,       2.25000000,      -3.20230354,      -2.37448160,      -2.94624664,      -3.19259647,     -3.10653387,     -3.20822536,   -3.20201424   
      3.02500000,       2.25000000,      -3.14037467,      -2.30481957,      -2.91549951,      -3.13270353,     -3.05594446,     -3.14514925,   -3.14016513   
      3.22000000,       2.25000000,      -3.08543817,      -2.25077935,      -2.88658087,      -3.07929157,     -3.01049668,     -3.08920744,   -3.08537378   
      3.41500000,       2.25000000,      -3.03617788,      -2.21020178,      -2.85933524,      -3.03120287,     -2.96941212,     -3.04309646,   -3.03583321   
      3.61000000,       2.25000000,      -2.99159689,      -2.18082962,      -2.83362524,      -2.98754992,     -2.93216282,     -2.99722969,   -2.99135626   
      3.80500000,       2.25000000,      -2.95117349,      -2.15914312,      -2.80932865,      -2.94783785,     -2.89791286,     -2.95572976,   -2.95101152   
      4.00000000,       2.25000000,      -2.91413471,      -2.14212530,      -2.78633604,      -2.91138138,     -2.86628130,     -2.91791899,   -2.91400026   
      0.10000000,       2.50000000,     -62.51601334,     -62.51600051,     -62.51601331,     -62.51601334,    -62.51601332,    -62.51601334,   -62.51567483  
      0.29500000,       2.50000000,     -21.23398793,     -21.23365384,     -21.23398299,     -21.23398791,    -21.23398611,    -21.23398789,   -21.23342025  
      0.49000000,       2.50000000,     -12.83514103,     -12.83356246,     -12.83507527,     -12.83514023,    -12.83511747,    -12.83513953,   -12.83517597  
      0.68500000,       2.50000000,      -9.23838637,      -9.23385315,      -9.23800395,      -9.23837688,     -9.23824520,     -9.23836809,   -9.23850245   
      0.88000000,       2.50000000,      -7.25461938,      -7.24342513,      -7.25227490,      -7.25439024,     -7.25317896,     -7.25366218,   -7.25446462   
      1.07500000,       2.50000000,      -6.02366629,      -5.98659904,      -6.00284058,      -6.02017296,     -6.00553879,     -6.00708631,   -6.02298476   
      1.27000000,       2.50000000,      -5.23748750,      -5.12553108,      -5.15252439,      -5.22210128,     -5.15955688,     -5.16406224,   -5.23736546   
      1.46500000,       2.50000000,      -4.73580375,      -4.50226790,      -4.54405703,      -4.70089469,     -4.56120852,     -4.57441039,   -4.73521477   
      1.66000000,       2.50000000,      -4.39927695,      -4.03309029,      -4.09442460,      -4.34510949,     -4.13748545,     -4.18986890,   -4.39916251   
      1.85500000,       2.50000000,      -4.15620215,      -3.66949613,      -3.75580825,      -4.09040827,     -3.91883203,     -4.18597115,   -4.15586635   
      2.05000000,       2.50000000,      -3.96957823,      -3.38145239,      -3.49876825,      -3.92129472,     -3.76707559,     -3.99357280,   -3.96946005   
      2.24500000,       2.50000000,      -3.81986741,      -3.14937966,      -3.30438818,      -3.78360216,     -3.64578742,     -3.83929210,   -3.81977329   
      2.44000000,       2.50000000,      -3.69587459,      -2.95996860,      -3.20637280,      -3.66813851,     -3.54511969,     -3.71173431,   -3.69543871   
      2.63500000,       2.50000000,      -3.59086110,      -2.80387158,      -3.16709421,      -3.56931404,     -3.45933707,     -3.60383323,   -3.59033114   
      2.83000000,       2.50000000,      -3.50031693,      -2.67433556,      -3.13015422,      -3.48335060,     -3.38459966,     -3.50966463,   -3.49996278   
      3.02500000,       2.50000000,      -3.42111478,      -2.56639161,      -3.09534060,      -3.40759951,     -3.31882119,     -3.42844041,   -3.42110386   
      3.22000000,       2.50000000,      -3.35096399,      -2.47626512,      -3.06247206,      -3.34010082,     -3.26014309,     -3.35682742,   -3.35070643   
      3.41500000,       2.50000000,      -3.28835424,      -2.40113052,      -3.03139088,      -3.27953536,     -3.20730930,     -3.29310030,   -3.28843650   
      3.61000000,       2.50000000,      -3.23199052,      -2.33877668,      -3.00195802,      -3.22477041,     -3.15929387,     -3.23565663,   -3.23184891   
      3.80500000,       2.50000000,      -3.18083999,      -2.28747177,      -2.97404962,      -3.17489518,     -3.11575591,     -3.18768819,   -3.18070834   
      4.00000000,       2.50000000,      -3.13435481,      -2.24602239,      -2.94755455,      -3.12939745,     -3.07571617,     -3.13989592,   -3.13402887   
      0.10000000,       2.75000000,     -75.63823218,     -75.63822343,     -75.63823217,     -75.63823218,    -75.63823218,    -75.63823219,   -75.63818967  
      0.29500000,       2.75000000,     -25.67483635,     -25.67460891,     -25.67483361,     -25.67483634,    -25.67483539,    -25.67483635,   -25.67462338  
      0.49000000,       2.75000000,     -15.49956890,     -15.49850093,     -15.49953271,     -15.49956854,    -15.49955643,    -15.49956824,   -15.49940338  
      0.68500000,       2.75000000,     -11.13385118,     -11.13081777,     -11.13364491,     -11.13384704,    -11.13377920,    -11.13384396,   -11.13375040  
      0.88000000,       2.75000000,      -8.71713253,      -8.71031193,      -8.71632911,      -8.71710370,     -8.71682620,     -8.71707172,   -8.71707341   
      1.07500000,       2.75000000,      -7.19543564,      -7.17739518,      -7.18841563,      -7.19439745,     -7.18986620,     -7.19062195,   -7.19514156   
      1.27000000,       2.75000000,      -6.17852733,      -6.12325873,      -6.14152813,      -6.17199048,     -6.14518955,     -6.14725220,   -6.17779834   
      1.46500000,       2.75000000,      -5.49296685,      -5.35676139,      -5.38497827,      -5.47318731,     -5.39342851,     -5.39876196,   -5.49233899   
      1.66000000,       2.75000000,      -5.02607799,      -4.77658230,      -4.81790076,      -4.98796741,     -4.83662580,     -4.85094213,   -5.02588820   
      1.85500000,       2.75000000,      -4.69385023,      -4.32401202,      -4.38205433,      -4.63790766,     -4.42554388,     -4.75108226,   -4.69378004   
      2.05000000,       2.75000000,      -4.44410864,      -3.96268635,      -4.04153048,      -4.37470081,     -4.21012361,     -4.48399108,   -4.44390425   
      2.24500000,       2.75000000,      -4.24743963,      -3.66888240,      -3.77302262,      -4.18906913,     -4.04443880,     -4.27742043,   -4.24731380   
      2.44000000,       2.75000000,      -4.08695821,      -3.42646793,      -3.56072666,      -4.04204396,     -3.91018891,     -4.11041751,   -4.08690274   
      2.63500000,       2.75000000,      -3.95248509,      -3.22409315,      -3.39345875,      -3.91738549,     -3.79771465,     -3.97124593,   -3.95235521   
      2.83000000,       2.75000000,      -3.83744111,      -3.05355063,      -3.32275662,      -3.80966216,     -3.70122873,     -3.85266936,   -3.83692384   
      3.02500000,       2.75000000,      -3.73754433,      -2.90874586,      -3.28406846,      -3.71530185,     -3.61697841,     -3.75000005,   -3.73728377   
      3.22000000,       2.75000000,      -3.64958702,      -2.78507815,      -3.24742334,      -3.63161007,     -3.54239542,     -3.65990859,   -3.64939056   
      3.41500000,       2.75000000,      -3.57142464,      -2.67900469,      -3.21266006,      -3.55675794,     -3.47534716,     -3.57844457,   -3.57122420   
      3.61000000,       2.75000000,      -3.50131333,      -2.58777627,      -3.17963761,      -3.48925028,     -3.41504516,     -3.50691890,   -3.50129884   
      3.80500000,       2.75000000,      -3.43790233,      -2.50918698,      -3.14823096,      -3.42791785,     -3.36019228,     -3.44245421,   -3.43765956   
      4.00000000,       2.75000000,      -3.38035974,      -2.44149741,      -3.11832809,      -3.37201654,     -3.31014613,     -3.38815961,   -3.38003123   
      0.10000000,       3.00000000,     -90.01111745,     -90.01111128,     -90.01111746,     -90.01111745,    -90.01111746,    -90.01111746,   -90.01117819  
      0.29500000,       3.00000000,     -30.54141696,     -30.54125676,     -30.54141536,     -30.54141696,    -30.54141642,    -30.54141698,   -30.54146761  
      0.49000000,       3.00000000,     -18.42256050,     -18.42181159,     -18.42253942,     -18.42256032,    -18.42255345,    -18.42256021,   -18.42263441  
      0.68500000,       3.00000000,     -13.21696365,     -13.21485252,     -13.21684512,     -13.21696168,    -13.21692282,    -13.21695996,   -13.21696012  
      0.88000000,       3.00000000,     -10.32985199,     -10.32516792,     -10.32940418,     -10.32983930,    -10.32969394,    -10.32982874,   -10.32978123  
      1.07500000,       3.00000000,      -8.50188393,      -8.49175201,      -8.49950038,      -8.50161921,     -8.50033356,     -8.50073758,   -8.50179848   
      1.27000000,       3.00000000,      -7.25600709,      -7.22808005,      -7.24090581,      -7.25348307,     -7.24296510,     -7.24402329,   -7.25566073   
      1.46500000,       3.00000000,      -6.38125547,      -6.30666883,      -6.32644187,      -6.37132764,     -6.33105308,     -6.33362382,   -6.38121362   
      1.66000000,       3.00000000,      -5.76404480,      -5.60692929,      -5.63583642,      -5.74038575,     -5.64554522,     -5.65164453,   -5.76398116   
      1.85500000,       3.00000000,      -5.32142899,      -5.05898178,      -5.09952417,      -5.28060688,     -5.11951030,     -5.13482826,   -5.32143989   
      2.05000000,       3.00000000,      -4.99209410,      -4.61953904,      -4.67454067,      -4.93465398,     -4.73708128,     -5.05122766,   -4.99211085   
      2.24500000,       3.00000000,      -4.73656587,      -4.26035709,      -4.33295711,      -4.66577711,     -4.50873446,     -4.78084758,   -4.73660670   
      2.44000000,       3.00000000,      -4.53096786,      -3.96222436,      -4.05585796,      -4.46202082,     -4.32990225,     -4.56459989,   -4.53093639   
      2.63500000,       3.00000000,      -4.36066641,      -3.71161979,      -3.82997809,      -4.30650422,     -4.18329585,     -4.38699105,   -4.36017481   
      2.83000000,       3.00000000,      -4.21638167,      -3.49875261,      -3.64571154,      -4.17327508,     -4.05945092,     -4.23742621,   -4.21590299   
      3.02500000,       3.00000000,      -4.09189715,      -3.31636020,      -3.48052056,      -4.05721617,     -3.95255889,     -4.10901234,   -4.09117399   
      3.22000000,       3.00000000,      -3.98306419,      -3.15894287,      -3.44027283,      -3.95488170,     -3.85878631,     -3.99708950,   -3.98291947   
      3.41500000,       3.00000000,      -3.88671754,      -3.02226900,      -3.40198889,      -3.86362653,     -3.77546913,     -3.89836833,   -3.88682893   
      3.61000000,       3.00000000,      -3.80070022,      -2.90300972,      -3.36552405,      -3.78162445,     -3.70068151,     -3.81043347,   -3.80059626   
      3.80500000,       3.00000000,      -3.72315765,      -2.79853526,      -3.33075127,      -3.70730159,     -3.63259259,     -3.72954891,   -3.72315399   
      4.00000000,       3.00000000,      -3.65299157,      -2.70673015,      -3.29755742,      -3.63969842,     -3.57083881,     -3.65801502,   -3.65268983   
      0.10000000,       3.25000000,    -105.63447204,    -105.63446756,    -105.63447204,    -105.63447204,   -105.63447204,   -105.63447205,   -105.63469533 
      0.29500000,       3.25000000,     -35.83313256,     -35.83301646,     -35.83313159,     -35.83313256,    -35.83313224,    -35.83313258,   -35.83319716  
      0.49000000,       3.25000000,     -21.60306644,     -21.60252547,     -21.60305358,     -21.60306635,    -21.60306230,    -21.60306630,   -21.60238303  
      0.68500000,       3.25000000,     -15.48611089,     -15.48459427,     -15.48603925,     -15.48610989,    -15.48608787,    -15.48610924,   -15.48614875  
      0.88000000,       3.25000000,     -12.08956329,     -12.08622706,     -12.08929682,     -12.08955698,    -12.08947372,    -12.08955211,   -12.08958665  
      1.07500000,       3.25000000,      -9.93391924,      -9.92748901,      -9.93309876,      -9.93388419,     -9.93360250,     -9.93383360,   -9.93366277   
      1.27000000,       3.25000000,      -8.45269233,      -8.43738469,      -8.44666093,      -8.45178665,     -8.44788845,     -8.44847794,   -8.45243474   
      1.46500000,       3.25000000,      -7.38934515,      -7.34893260,      -7.36321750,      -7.38474270,     -7.36591205,     -7.36728835,   -7.38922099   
      1.66000000,       3.25000000,      -6.61428053,      -6.52060284,      -6.54145864,      -6.60090059,     -6.54697330,     -6.55003912,   -6.61422856   
      1.85500000,       3.25000000,      -6.04559807,      -5.87037900,      -5.89959170,      -6.01850363,     -5.91040949,     -5.91722317,   -6.04539467   
      2.05000000,       3.25000000,      -5.62063078,      -5.34745351,      -5.38704515,      -5.57747191,     -5.40802728,     -5.42428146,   -5.62064279   
      2.24500000,       3.25000000,      -5.29332660,      -4.91867260,      -4.97088263,      -5.23459766,     -5.05194245,     -5.34746829,   -5.29313470   
      2.44000000,       3.25000000,      -5.03274975,      -4.56148341,      -4.62878025,      -4.96095864,     -4.81266438,     -5.07720847,   -5.03270770   
      2.63500000,       3.25000000,      -4.81920076,      -4.26001088,      -4.34507773,      -4.73927547,     -4.62184254,     -4.85433524,   -4.81909290   
      2.83000000,       3.25000000,      -4.63995841,      -4.00275738,      -4.10847229,      -4.57603897,     -4.46365609,     -4.66793070,   -4.63989135   
      3.02500000,       3.25000000,      -4.48657325,      -3.78119187,      -3.91059378,      -4.43488408,     -4.32898713,     -4.50916764,   -4.48649453   
      3.22000000,       3.25000000,      -4.35320318,      -3.58885179,      -3.74508727,      -4.31101269,     -4.21207492,     -4.37171641,   -4.35320043   
      3.41500000,       3.25000000,      -4.23586053,      -3.42075260,      -3.59839987,      -4.20112392,     -4.10905078,     -4.25113168,   -4.23556045   
      3.61000000,       3.25000000,      -4.13144975,      -3.27298870,      -3.55864059,      -4.10264151,     -4.01718463,     -4.14420586,   -4.13142261   
      3.80500000,       3.25000000,      -4.03781353,      -3.14246143,      -3.52063962,      -4.01374994,     -3.93408169,     -4.04653192,   -4.03764329   
      4.00000000,       3.25000000,      -3.95316854,      -3.02666981,      -3.48428162,      -3.93294125,     -3.85908549,     -3.96051541,   -3.95306504   
      0.10000000,       3.50000000,    -122.50816666,    -122.50816333,    -122.50816667,    -122.50816666,   -122.50816666,   -122.50816667,   -122.50792661 
      0.29500000,       3.50000000,     -41.54959330,     -41.54950711,     -41.54959268,     -41.54959330,    -41.54959309,    -41.54959332,   -41.55006794  
      0.49000000,       3.50000000,     -25.04040863,     -25.04000801,     -25.04040047,     -25.04040858,    -25.04040609,    -25.04040855,   -25.04049349  
      0.68500000,       3.50000000,     -17.94027050,     -17.93915194,     -17.94022538,     -17.94026996,    -17.94025638,    -17.94026962,   -17.94017021  
      0.88000000,       3.50000000,     -13.99478302,     -13.99233774,     -13.99461703,     -13.99477967,    -13.99472908,    -13.99477737,   -13.99476909  
      1.07500000,       3.50000000,     -11.48783547,     -11.48318874,     -11.48735141,     -11.48782045,    -11.48766635,    -11.48780823,   -11.48780075  
      1.27000000,       3.50000000,      -9.75872978,      -9.74948280,      -9.75636126,      -9.75844597,     -9.75712718,     -9.75747626,   -9.75896968   
      1.46500000,       3.50000000,      -8.50416860,      -8.48158193,      -8.49216601,      -8.50216012,     -8.49382459,     -8.49461823,   -8.50400453   
      1.66000000,       3.50000000,      -7.56977224,      -7.51534221,      -7.53078186,      -7.56271579,     -7.53411241,     -7.53581198,   -7.56955256   
      1.85500000,       3.50000000,      -6.86720435,      -6.75564123,      -6.77724900,      -6.85052492,     -6.78360292,     -6.78714548,   -6.86678303   
      2.05000000,       3.50000000,      -6.33426696,      -6.14355080,      -6.17280389,      -6.30417380,     -6.18457546,     -6.19204595,   -6.33448602   
      2.24500000,       3.50000000,      -5.92281099,      -5.64061817,      -5.67916662,      -5.87761620,     -5.70092718,     -5.71802614,   -5.92271054   
      2.44000000,       3.50000000,      -5.59693719,      -5.22068358,      -5.27033608,      -5.53709667,     -5.36860645,     -5.64505064,   -5.59686967   
      2.63500000,       3.50000000,      -5.33197268,      -4.86533246,      -4.92806553,      -5.25943750,     -5.12039508,     -5.37436995,   -5.33196821   
      2.83000000,       3.50000000,      -5.11136505,      -4.56122667,      -4.63917588,      -5.02901706,     -4.91889061,     -5.14634735,   -5.11135681   
      3.02500000,       3.50000000,      -4.92398408,      -4.29846842,      -4.39391784,      -4.84987441,     -4.75001909,     -4.95257311,   -4.92391343   
      3.22000000,       3.50000000,      -4.76218015,      -4.06955864,      -4.18492327,      -4.70140421,     -4.60515314,     -4.78562732,   -4.76224130   
      3.41500000,       3.50000000,      -4.62046840,      -3.86871216,      -4.00651123,      -4.57022392,     -4.47867459,     -4.63989330,   -4.62038212   
      3.61000000,       3.50000000,      -4.49505373,      -3.69139488,      -3.85421319,      -4.45319998,     -4.36672944,     -4.51123644,   -4.49457969   
      3.80500000,       3.50000000,      -4.38291492,      -3.53400325,      -3.71706300,      -4.34782729,     -4.26610071,     -4.39424830,   -4.38259820   
      4.00000000,       3.50000000,      -4.28193098,      -3.39363751,      -3.67766829,      -4.25232826,     -4.17571693,     -4.29149445,   -4.28197053   
      0.10000000,       3.75000000,    -140.63211368,    -140.63211116,    -140.63211368,    -140.63211368,   -140.63211130,   -140.63211368,   -140.63215447 
      0.29500000,       3.75000000,     -47.69053579,     -47.69047046,     -47.69053539,     -47.69053579,    -47.69053567,    -47.69053581,   -47.68987569  
      0.49000000,       3.75000000,     -28.73413241,     -28.73382933,     -28.73412706,     -28.73413238,    -28.73413078,    -28.73413236,   -28.73444386  
      0.68500000,       3.75000000,     -20.57876618,     -20.57792266,     -20.57873677,     -20.57876588,    -20.57875702,    -20.57876569,   -20.57876959  
      0.88000000,       3.75000000,     -16.04455748,     -16.04272211,     -16.04445013,     -16.04455561,    -16.04452287,    -16.04455436,   -16.04438440  
      1.07500000,       3.75000000,     -13.16135950,     -13.15789580,     -13.16105032,     -13.16135128,    -13.16125694,    -13.16134520,   -13.16120738  
      1.27000000,       3.75000000,     -11.16931370,     -11.16323821,     -11.16844816,     -11.16926479,    -11.16894379,    -11.16916114,   -11.16970677  
      1.46500000,       3.75000000,      -9.71673175,      -9.70329599,      -9.71130816,      -9.71590275,     -9.71237188,     -9.71285570,   -9.71666995   
      1.66000000,       3.75000000,      -8.62134506,      -8.58963704,      -8.60131771,      -8.61782176,     -8.60342576,     -8.60443550,   -8.62090332   
      1.85500000,       3.75000000,      -7.78205590,      -7.71306308,      -7.72939964,      -7.77237412,     -7.73334930,     -7.73537409,   -7.78140870   
      2.05000000,       3.75000000,      -7.13392981,      -7.00592527,      -7.02802774,      -7.11416746,     -7.03515169,     -7.03915130,   -7.13383470   
      2.24500000,       3.75000000,      -6.62832031,      -6.42407941,      -6.45318152,      -6.59555863,     -6.46577423,     -6.47384538,   -6.62845174   
      2.44000000,       3.75000000,      -6.22737174,      -5.93749367,      -5.97495345,      -6.18038106,     -6.00541875,     -6.26496283,   -6.22740851   
      2.63500000,       3.75000000,      -5.90256347,      -5.52502718,      -5.57233655,      -5.84174405,     -5.68634562,     -5.94500287,   -5.90269878   
      2.83000000,       3.75000000,      -5.63373333,      -5.17136589,      -5.23012732,      -5.56062956,     -5.43083640,     -5.67302412,   -5.63378333   
      3.02500000,       3.75000000,      -5.40683905,      -4.86514567,      -4.93708680,      -5.32374334,     -5.21994700,     -5.44057932,   -5.40687225   
      3.22000000,       3.75000000,      -5.21204998,      -4.59775572,      -4.68471833,      -5.12738000,     -5.04131931,     -5.24038423,   -5.21212090   
      3.41500000,       3.75000000,      -5.04245186,      -4.36255264,      -4.46648306,      -4.97215030,     -4.88693679,     -5.06614120,   -5.04230418   
      3.61000000,       3.75000000,      -4.89293312,      -4.15432908,      -4.27726389,      -4.83414846,     -4.75139637,     -4.91284010,   -4.89288380   
      3.80500000,       3.75000000,      -4.75987508,      -3.96894579,      -4.11299147,      -4.71039328,     -4.63047307,     -4.77434998,   -4.75988518   
      4.00000000,       3.75000000,      -4.64036413,      -3.80307132,      -3.97037652,      -4.59847542,     -4.52235266,     -4.65273071,   -4.64032351   
      0.10000000,       4.00000000,    -160.00625198,    -160.00625003,    -160.00625198,    -160.00625198,   -160.00625013,   -160.00625198,   -160.00598544 
      0.29500000,       4.00000000,     -54.25577685,     -54.25572642,     -54.25577657,     -54.25577685,    -54.25577676,    -54.25577686,   -54.25542958  
      0.49000000,       4.00000000,     -32.68392337,     -32.68368982,     -32.68391976,     -32.68392335,    -32.68392229,    -32.68392334,   -32.68356304  
      0.68500000,       4.00000000,     -23.40113494,     -23.40048655,     -23.40111518,     -23.40113476,    -23.40112880,    -23.40113495,   -23.40119137  
      0.88000000,       4.00000000,     -18.23824464,     -18.23683901,     -18.23817300,     -18.23824355,    -18.23822220,    -18.23824289,   -18.23814554  
      1.07500000,       4.00000000,     -14.95358533,     -14.95094643,     -14.95338086,     -14.95358061,    -14.95351918,    -14.95357786,   -14.95375171  
      1.27000000,       4.00000000,     -12.68238442,     -12.67786291,     -12.68188210,     -12.68236762,    -12.68220941,    -12.68235283,   -12.68245655  
      1.46500000,       4.00000000,     -11.02173086,     -11.01316057,     -11.01933897,     -11.02142441,    -11.02004419,    -11.02035244,   -11.02172605  
      1.66000000,       4.00000000,      -9.76151765,      -9.74244457,      -9.75144778,      -9.75982712,     -9.75283264,     -9.75346377,   -9.76134945   
      1.85500000,       4.00000000,      -8.78376973,      -8.74147054,      -8.75405635,      -8.77839537,     -8.75661842,     -8.75785061,   -8.78364633   
      2.05000000,       4.00000000,      -8.01677697,      -7.93326814,      -7.95028755,      -8.00442484,     -7.95482824,     -7.95716990,   -8.01607860   
      2.24500000,       4.00000000,      -7.41059440,      -7.26761001,      -7.29000814,      -7.38798307,     -7.29783062,     -7.30226389,   -7.41063587   
      2.44000000,       4.00000000,      -6.92636781,      -6.71032558,      -6.73914231,      -6.89123468,     -6.75243919,     -6.76107500,   -6.92617039   
      2.63500000,       4.00000000,      -6.53386215,      -6.23735974,      -6.27372995,      -6.48527809,     -6.32433328,     -6.56702066,   -6.53381646   
      2.83000000,       4.00000000,      -6.20985312,      -5.83128785,      -5.87644106,      -6.14816422,     -6.00477336,     -6.24734047,   -6.20989347   
      3.02500000,       4.00000000,      -5.93761561,      -5.47917903,      -5.53445083,      -5.86406804,     -5.74325076,     -5.97354531,   -5.93771015   
      3.22000000,       4.00000000,      -5.70507396,      -5.17123436,      -5.23803538,      -5.62151908,     -5.52415355,     -5.73698829,   -5.70492215   
      3.41500000,       4.00000000,      -5.50356644,      -4.89989404,      -4.97973065,      -5.41225581,     -5.33668321,     -5.53106559,   -5.50357131   
      3.61000000,       4.00000000,      -5.32677023,      -4.65923194,      -4.75369376,      -5.24655850,     -5.17347515,     -5.35020985,   -5.32666693   
      3.80500000,       4.00000000,      -5.16994888,      -4.44453712,      -4.55528895,      -5.10219067,     -5.02906832,     -5.18804635,   -5.16999609   
      4.00000000,       4.00000000,      -5.02965736,      -4.25201768,      -4.38078822,      -4.97208581,     -4.90039545,     -5.04471769,   -5.02975835   
      0.10000000,       4.25000000,    -180.63053788,    -180.63053635,    -180.63053789,    -180.63053788,   -180.63053642,   -180.63053789,   -180.63115223 
      0.29500000,       4.25000000,     -61.24518582,     -61.24514628,     -61.24518564,     -61.24518582,    -61.24518576,    -61.24518583,   -61.24548659  
      0.49000000,       4.25000000,     -36.88955832,     -36.88937542,     -36.88955582,     -36.88955831,    -36.88955758,    -36.88955832,   -36.88936551  
      0.68500000,       4.25000000,     -26.40705057,     -26.40654384,     -26.40703696,     -26.40705046,    -26.40704642,    -26.40705060,   -26.40649977  
      0.88000000,       4.25000000,     -20.57539773,     -20.57430238,     -20.57534861,     -20.57539707,    -20.57538283,    -20.57539670,   -20.57533123  
      1.07500000,       4.25000000,     -16.86391562,     -16.86186755,     -16.86377641,     -16.86391280,    -16.86387155,    -16.86391099,   -16.86389283  
      1.27000000,       4.25000000,     -14.29628449,     -14.29279592,     -14.29594655,     -14.29627471,    -14.29617293,    -14.29626809,   -14.29609322  
      1.46500000,       4.25000000,     -12.41631001,     -12.41052572,     -12.41536746,     -12.41624013,    -12.41584539,    -12.41605342,   -12.41658620  
      1.66000000,       4.25000000,     -10.98506538,     -10.97302465,     -10.98007769,     -10.98429065,    -10.98101595,    -10.98142746,   -10.98491058  
      1.85500000,       4.25000000,      -9.86621138,      -9.84003184,      -9.84988787,      -9.86333742,     -9.85160747,     -9.85239512,   -9.86605728   
      2.05000000,       4.25000000,      -8.97836655,      -8.92465435,      -8.93797726,      -8.97093751,     -8.94098740,     -8.94244600,   -8.97832594   
      2.24500000,       4.25000000,      -8.26768810,      -8.17018955,      -8.18771610,      -8.25272420,     -8.19281398,     -8.19546732,   -8.26795074   
      2.44000000,       4.25000000,      -7.69461907,      -7.53806142,      -7.56060175,      -7.66939315,     -7.56905292,     -7.57389723,   -7.69460435   
      2.63500000,       4.25000000,      -7.22758006,      -7.00111331,      -7.02955135,      -7.19031571,     -7.04345116,     -7.05261658,   -7.22699239   
      2.83000000,       4.25000000,      -6.84194747,      -6.53967376,      -6.57496730,      -6.79193616,     -6.64354598,     -6.87141431,   -6.84205621   
      3.02500000,       4.25000000,      -6.51855421,      -6.13914390,      -6.18232435,      -6.45609129,     -6.32366766,     -6.55179929,   -6.51879657   
      3.22000000,       4.25000000,      -6.24327730,      -5.78846148,      -5.84063303,      -6.16937471,     -6.05712449,     -6.27592820,   -6.24349293   
      3.41500000,       4.25000000,      -6.00567802,      -5.47909157,      -5.54144422,      -5.92185529,     -5.83084968,     -6.03549570,   -6.00559855   
      3.61000000,       4.25000000,      -5.79803857,      -5.20434278,      -5.27811560,      -5.70614515,     -5.63539438,     -5.82433369,   -5.79805899   
      3.80500000,       4.25000000,      -5.61459530,      -4.95889631,      -5.04540351,      -5.52413965,     -5.46373084,     -5.63561564,   -5.61468320   
      4.00000000,       4.25000000,      -5.45093451,      -4.73847062,      -4.83908822,      -5.37382199,     -5.31154901,     -5.46853690,   -5.45104413   
      0.10000000,       4.50000000,    -202.50493951,    -202.50493829,    -202.50493951,    -202.50493951,   -202.50493830,   -202.50493951,   -202.50562177 
      0.29500000,       4.50000000,     -68.65866753,     -68.65863608,     -68.65866739,     -68.65866753,    -68.65866747,    -68.65866753,   -68.65864251  
      0.49000000,       4.50000000,     -41.35087519,     -41.35072991,     -41.35087343,     -41.35087518,    -41.35087468,    -41.35087518,   -41.35086803  
      0.68500000,       4.50000000,     -29.59627764,     -29.59587580,     -29.59626805,     -29.59627757,    -29.59627483,    -29.59627754,   -29.59573461  
      0.88000000,       4.50000000,     -23.05569727,     -23.05483069,     -23.05566280,     -23.05569686,    -23.05568704,    -23.05569664,   -23.05539284  
      1.07500000,       4.50000000,     -18.89192953,     -18.89031445,     -18.89183237,     -18.89192779,    -18.89189968,    -18.89192677,   -18.89187063  
      1.27000000,       4.50000000,     -16.01036775,     -16.00762884,     -16.01013370,     -16.01036178,    -16.01029235,    -16.01035820,   -16.01037895  
      1.46500000,       4.50000000,     -13.89927953,     -13.89491873,     -13.89876721,     -13.89926078,    -13.89910329,    -13.89924262,   -13.89943867  
      1.66000000,       4.50000000,     -12.28883228,     -12.28083958,     -12.28644428,     -12.28851173,    -12.28709290,    -12.28737502,   -12.28871158  
      1.85500000,       4.50000000,     -11.02475883,     -11.00814348,     -11.01597340,     -11.02327678,    -11.01716043,    -11.01768344,   -11.02486735  
      2.05000000,       4.50000000,     -10.01385946,      -9.97941370,      -9.98999471,     -10.00954247,     -9.99205379,     -9.99300303,   -10.01352921  
      2.24500000,       4.50000000,      -9.19651481,      -9.13108012,      -9.14499538,      -9.18693378,     -9.14844079,     -9.15012345,   -9.19631975   
      2.44000000,       4.50000000,      -8.53074423,      -8.41989443,      -8.43778483,      -8.51325663,     -8.44340226,     -8.44635732,   -8.53089305   
      2.63500000,       4.50000000,      -7.98426826,      -7.81541071,      -7.83797520,      -7.95664482,     -7.84698945,     -7.85223182,   -7.98421702   
      2.83000000,       4.50000000,      -7.53129387,      -7.29557467,      -7.32357049,      -7.49210695,     -7.34651163,     -7.55082556,   -7.53132959   
      3.02500000,       4.50000000,      -7.15137418,      -6.84401898,      -6.87826169,      -7.10007432,     -6.96298505,     -7.17771907,   -7.15128580   
      3.22000000,       4.50000000,      -6.82845367,      -6.44834122,      -6.48970451,      -6.76529368,     -6.64289038,     -6.85807550,   -6.82850343   
      3.41500000,       4.50000000,      -6.55047267,      -6.09897192,      -6.14838705,      -6.47628536,     -6.37210473,     -6.58007658,   -6.55073272   
      3.61000000,       4.50000000,      -6.30831189,      -5.78840944,      -5.84686424,      -6.22434643,     -6.13953265,     -6.33595587,   -6.30818817   
      3.80500000,       4.50000000,      -6.09506892,      -5.51069043,      -5.57924339,      -6.00287432,     -5.93639429,     -6.11746025,   -6.09510532   
      4.00000000,       4.50000000,      -5.90547620,      -5.26101374,      -5.34075372,      -5.80679554,     -5.75739462,     -5.92447462,   -5.90546805   
      0.10000000,       4.75000000,    -225.62943313,    -225.62943214,    -225.62943313,    -225.62943313,   -225.62943214,   -225.62943313,   -225.63055143 
      0.29500000,       4.75000000,     -76.49615124,     -76.49612592,     -76.49615114,     -76.49615124,    -76.49615119,    -76.49615124,   -76.49626139  
      0.49000000,       4.75000000,     -46.06775396,     -46.06763710,     -46.06775269,     -46.06775396,    -46.06775360,    -46.06775396,   -46.06713435  
      0.68500000,       4.75000000,     -32.96864262,     -32.96831981,     -32.96863573,     -32.96864258,    -32.96864063,    -32.96864256,   -32.96821322  
      0.88000000,       4.75000000,     -25.67890952,     -25.67821474,     -25.67888483,     -25.67890926,    -25.67890226,    -25.67890913,   -25.67893696  
      1.07500000,       4.75000000,     -21.03732257,     -21.03603106,     -21.03725328,     -21.03732146,    -21.03730158,    -21.03732084,   -21.03723611  
      1.27000000,       4.75000000,     -17.82424095,     -17.82205845,     -17.82407504,     -17.82423718,    -17.82418870,    -17.82423475,   -17.82407191  
      1.46500000,       4.75000000,     -15.46944300,     -15.46598893,     -15.46908668,     -15.46943199,    -15.46932667,    -15.46942441,   -15.46950452  
      1.66000000,       4.75000000,     -13.67102435,     -13.66549079,     -13.67000129,     -13.67093268,    -13.67046349,    -13.67065647,   -13.67132516  
      1.85500000,       4.75000000,     -12.25632290,     -12.24535855,     -12.25165849,     -12.25558761,    -12.25249502,    -12.25285562,   -12.25602011  
      2.05000000,       4.75000000,     -11.11938542,     -11.09705043,     -11.10556195,     -11.11694790,    -11.10700760,    -11.10764833,   -11.11885388  
      2.24500000,       4.75000000,     -10.19326552,     -10.14973650,     -10.16092744,     -10.18731589,    -10.16332466,    -10.16443884,   -10.19328028  
      2.44000000,       4.75000000,      -9.43236473,      -9.35522930,      -9.36961358,      -9.42060460,     -9.37347612,     -9.37538099,   -9.43242867   
      2.63500000,       4.75000000,      -8.80294655,      -8.67960578,      -8.69774360,      -8.78307389,     -8.70384194,     -8.70708650,   -8.80302044   
      2.83000000,       4.75000000,      -8.27831196,      -8.09829283,      -8.12079092,      -8.24848859,     -8.13030792,     -8.13591971,   -8.27846570   
      3.02500000,       4.75000000,      -7.83701660,      -7.59305369,      -7.62056545,      -7.79609014,     -7.66063312,     -7.85524239,   -7.83717605   
      3.22000000,       4.75000000,      -7.46192337,      -7.15006934,      -7.18329481,      -7.40945567,     -7.28259746,     -7.48561912,   -7.46213723   
      3.41500000,       4.75000000,      -7.13937580,      -6.75867719,      -6.79836295,      -7.07558508,     -6.96235392,     -7.16591444,   -7.13944074   
      3.61000000,       4.75000000,      -6.85897781,      -6.41051862,      -6.45745735,      -6.78455503,     -6.68794018,     -6.88583340,   -6.85901921   
      3.80500000,       4.75000000,      -6.61269273,      -6.09894857,      -6.15397845,      -6.52868049,     -6.44981752,     -6.63821765,   -6.61279649   
      4.00000000,       4.75000000,      -6.39431253,      -5.81861788,      -5.88262156,      -6.30200647,     -6.24065894,     -6.41771066,   -6.39444738   
      0.10000000,       5.00000000,    -250.00400080,    -250.00400001,    -250.00400081,    -250.00400080,   -250.00400001,   -250.00400081,   -250.00430914 
      0.29500000,       5.00000000,     -84.75758353,     -84.75756292,     -84.75758346,     -84.75758353,    -84.75758351,    -84.75758353,   -84.75710960  
      0.49000000,       5.00000000,     -51.04010418,     -51.04000910,     -51.04010325,     -51.04010418,    -51.04010392,    -51.04010418,   -51.03942868  
      0.68500000,       5.00000000,     -36.52401525,     -36.52375294,     -36.52401022,     -36.52401522,    -36.52401382,    -36.52401523,   -36.52376274  
      0.88000000,       5.00000000,     -28.44486006,     -28.44429636,     -28.44484204,     -28.44485989,    -28.44485484,    -28.44485980,   -28.44428349  
      1.07500000,       5.00000000,     -23.29986946,     -23.29882390,     -23.29981910,     -23.29986874,    -23.29985456,    -23.29986844,   -23.29976397  
      1.27000000,       5.00000000,     -19.73761760,     -19.73585578,     -19.73749760,     -19.73761516,    -19.73758134,    -19.73761382,   -19.73758297  
      1.46500000,       5.00000000,     -17.12624932,     -17.12347161,     -17.12599332,     -17.12624226,    -17.12616724,    -17.12623700,   -17.12583960  
      1.66000000,       5.00000000,     -15.13087121,     -15.12667764,     -15.13034883,     -15.13084941,    -15.13068434,    -15.13082150,   -15.13102956  
      1.85500000,       5.00000000,     -13.55889757,     -13.55134015,     -13.55646696,     -13.55855598,    -13.55707034,    -13.55732466,   -13.55916873  
      2.05000000,       5.00000000,     -12.29200928,     -12.27719111,     -12.28411642,     -12.29066981,    -12.28515208,    -12.28559815,   -12.29207421  
      2.24500000,       5.00000000,     -11.25477590,     -11.22574835,     -11.23485203,     -11.25116929,    -11.23656065,    -11.23732306,   -11.25459456  
      2.44000000,       5.00000000,     -10.39669224,     -10.34361841,     -10.35531751,     -10.38899346,    -10.35804651,    -10.35932677,   -10.39659896  
      2.63500000,       5.00000000,      -9.68180116,      -9.59321322,      -9.60796219,      -9.66788396,     -9.61222113,     -9.61434497,   -9.68161911   
      2.83000000,       5.00000000,      -9.08229331,      -8.94730475,      -8.96559563,      -9.06017616,     -8.97213695,     -8.97566332,   -9.08229208   
      3.02500000,       5.00000000,      -8.57584384,      -8.38568589,      -8.40804840,      -8.54400110,     -8.41801232,     -8.42397645,   -8.57598107   
      3.22000000,       5.00000000,      -8.14440013,      -7.89304448,      -7.92004614,      -8.10189095,     -7.97575778,     -8.16137174,   -8.14460320   
      3.41500000,       5.00000000,      -7.77334977,      -7.45756583,      -7.48981195,      -7.71983438,     -7.60234586,     -7.79485759,   -7.77368718   
      3.61000000,       5.00000000,      -7.45118539,      -7.06998809,      -7.10812164,      -7.38681998,     -7.28199801,     -7.47508231,   -7.45115846   
      3.80500000,       5.00000000,      -7.16860296,      -6.72294810,      -6.76764946,      -7.09398449,     -7.00444849,     -7.19301293,   -7.16875535   
      4.00000000,       5.00000000,      -6.91857551,      -6.41051862,      -6.46250512,      -6.83457956,     -6.76140847,     -6.94210841,   -6.91846350  
